{
  "mus": [
    5060.009630057251,
    5075.100425150731,
    5079.118048762344,
    5083.563995213442,
    5097.430362087737,
    5107.348576873876,
    5126.779372388678,
    5142.73291345833,
    5151.750303626388
  ],
  "order": 21,
  "spectrum_id": 0
}