{
  "cheb": [
    -0.018,
    -0.0176,
    -0.004
  ],
  "fix_c0": true,
  "l": 20.0,
  "logAmp": -13.6,
  "order": 21,
  "regions": [
    [
      -14.222719540490553,
      5060.009630057251,
      3.833255335347469
    ],
    [
      -13.666106448038837,
      5075.100425150731,
      4.341294458239552
    ],
    [
      -13.792177629661296,
      5079.118048762344,
      4.162619111644924
    ],
    [
      -13.779508279492497,
      5083.563995213442,
      4.374600301900709
    ],
    [
      -13.89500642688638,
      5097.430362087737,
      2.074461837417008
    ],
    [
      -13.464101603075589,
      5107.348576873876,
      13.785154510133603
    ],
    [
      -13.7114540405572,
      5126.779372388678,
      4.6310905450030795
    ],
    [
      -13.642239386961075,
      5142.73291345833,
      8.459845682719397
    ],
    [
      -14.004346560637767,
      5151.750303626388,
      1.2655772957670588
    ]
  ],
  "sigAmp": 1.0,
  "spectrum_id": 0
}