{
  "cheb": [
    -0.0182871757542784,
    -0.018675133696982007,
    -0.0046644719239167815
  ],
  "fix_c0": true,
  "l": 20.0,
  "logAmp": -13.6,
  "order": 21,
  "sigAmp": 1.0,
  "spectrum_id": 0
}