{
  "Av": 0.0,
  "grid": [
    6299.999999935464,
    4.195686529520268,
    -0.3100998046834088
  ],
  "logOmega": -12.694925927984123,
  "vsini": 6.69353314399651,
  "vz": -4.751225063737602
}