{
  "cheb": [
    0.0035891331698803906,
    -0.01849605286835533,
    -0.01688036756814521,
    -0.00467131458007064
  ],
  "fix_c0": false,
  "l": 8,
  "logAmp": -14.2,
  "order": 22,
  "sigAmp": 1.0,
  "spectrum_id": 0
}