{
  "cheb": [
    0.0024747093038439134,
    -0.006463198195158381,
    -0.009905215193963694,
    0.0030444678764857958
  ],
  "fix_c0": false,
  "l": 8,
  "logAmp": -14.2,
  "order": 23,
  "sigAmp": 1.0,
  "spectrum_id": 0
}