{
  "cheb": [
    -0.017763179819102776,
    -0.00982372534213749,
    0.0050592056262461025
  ],
  "fix_c0": true,
  "l": 8,
  "logAmp": -14.2,
  "order": 24,
  "sigAmp": 1.0,
  "spectrum_id": 0
}