{
  "cheb": [
    0.012589227237743632,
    -0.019567020452010333,
    -0.018408015799066847,
    -0.004830219474468874
  ],
  "fix_c0": false,
  "l": 8,
  "logAmp": -14.2,
  "order": 21,
  "sigAmp": 1.0,
  "spectrum_id": 0
}